epoch,accuracy,auc,loss,precision,recall,val_accuracy,val_auc,val_loss,val_precision,val_recall
0,0.6351073980331421,0.6790700554847717,0.7271226048469543,0.6369923949241638,0.6305726766586304,0.6276177763938904,0.7605589628219604,0.7140575647354126,0.7497091293334961,0.37691423296928406
1,0.6978467702865601,0.7642361521720886,0.588714063167572,0.7008364796638489,0.6918612122535706,0.6561435461044312,0.7852848768234253,0.7001840472221375,0.779155969619751,0.430460661649704
2,0.725250780582428,0.8003422021865845,0.5435433387756348,0.7265058755874634,0.7236984968185425,0.6831629872322083,0.8109562397003174,0.6830187439918518,0.8051308989524841,0.47863784432411194
3,0.7459154725074768,0.8253816366195679,0.5130515694618225,0.7460446357727051,0.7467179894447327,0.7050714492797852,0.8315211534500122,0.6560505032539368,0.8212683200836182,0.5200250744819641
4,0.7615341544151306,0.8438308835029602,0.48979637026786804,0.7612161040306091,0.7631034255027771,0.7344802021980286,0.8488207459449768,0.5946137309074402,0.828082263469696,0.5880914926528931
5,0.7723767757415771,0.8558674454689026,0.4736305773258209,0.7720550298690796,0.7738611102104187,0.7477977275848389,0.8559190630912781,0.5749427080154419,0.82795250415802,0.6220411658287048
6,0.7807340621948242,0.8639500737190247,0.4620206356048584,0.7805177569389343,0.781963050365448,0.7561601400375366,0.8626549243927002,0.5642592906951904,0.8341736197471619,0.6360388398170471
7,0.7868890762329102,0.8704798817634583,0.45189356803894043,0.7862556576728821,0.7888045907020569,0.7669845223426819,0.8703474402427673,0.5364953875541687,0.8338671326637268,0.6635746359825134
8,0.7924987077713013,0.8761113882064819,0.4428786039352417,0.7917157411575317,0.794619083404541,0.7620190382003784,0.8693484663963318,0.5631361603736877,0.8415074944496155,0.6423691511154175
9,0.7972564697265625,0.8810205459594727,0.4345710277557373,0.7958746552467346,0.8003454208374023,0.7697062492370605,0.8731331825256348,0.5463000535964966,0.8385685682296753,0.6648281812667847
10,0.8014766573905945,0.8849052786827087,0.42767971754074097,0.7995108962059021,0.8054908514022827,0.7768636345863342,0.8768892884254456,0.5343413949012756,0.8409355282783508,0.6798287034034729
11,0.804658055305481,0.8881969451904297,0.42165884375572205,0.8021059036254883,0.8095989227294922,0.7833665609359741,0.8823058605194092,0.5104458928108215,0.8400946855545044,0.6969810724258423
12,0.8081069588661194,0.8919209241867065,0.4150848090648651,0.8052546381950378,0.8134787082672119,0.7793152332305908,0.8815381526947021,0.5315021872520447,0.8471428751945496,0.6786169409751892
13,0.8117479681968689,0.895145058631897,0.40893569588661194,0.8081861138343811,0.818209171295166,0.7815694212913513,0.883567750453949,0.5279236435890198,0.8454409837722778,0.6861380934715271
14,0.8146748542785645,0.8981798887252808,0.4029378890991211,0.8108453750610352,0.8215028643608093,0.7832938432693481,0.8856876492500305,0.5232408046722412,0.851340115070343,0.6835265755653381
15,0.817126452922821,0.9010436534881592,0.39714515209198,0.8128230571746826,0.8246616721153259,0.7884567379951477,0.8884472250938416,0.5139501690864563,0.8487407565116882,0.6991538405418396
16,0.8198689818382263,0.9036905765533447,0.3920136094093323,0.8152516484260559,0.8278360962867737,0.7896098494529724,0.88838130235672,0.5174267888069153,0.8494659066200256,0.701117753982544
17,0.8230113983154297,0.9063284993171692,0.386813759803772,0.8181729912757874,0.8312438726425171,0.7897344827651978,0.8927242755889893,0.5124990940093994,0.860476016998291,0.688812255859375
18,0.8257330656051636,0.9088836908340454,0.38181376457214355,0.8206517696380615,0.8342730402946472,0.7919471263885498,0.8923965096473694,0.5138493776321411,0.8562178611755371,0.6989449262619019
19,0.8273484706878662,0.9110267758369446,0.3772532641887665,0.8216739296913147,0.8367782831192017,0.7919679284095764,0.8940978050231934,0.5187445878982544,0.8631205558776855,0.6912357807159424
20,0.8300909399986267,0.9130669832229614,0.37310460209846497,0.8245285153388977,0.8392576575279236,0.7922587990760803,0.8951619267463684,0.5196088552474976,0.8630312085151672,0.6920296549797058
21,0.832817792892456,0.9152269959449768,0.36855268478393555,0.8269039988517761,0.8424475789070129,0.7947103977203369,0.8978450894355774,0.513433575630188,0.867618978023529,0.6928444504737854
22,0.8350175023078918,0.9175529479980469,0.3636249005794525,0.8292160034179688,0.844403088092804,0.7954791188240051,0.8986427187919617,0.5147701501846313,0.8686448335647583,0.6935548186302185
23,0.8374691009521484,0.9196221828460693,0.35914385318756104,0.8313568830490112,0.8472558856010437,0.7987617254257202,0.9006015658378601,0.5049228072166443,0.8689369559288025,0.7010132670402527
24,0.839461088180542,0.921492338180542,0.3550577461719513,0.8335990905761719,0.8488015532493591,0.8023040890693665,0.9015876054763794,0.4998459219932556,0.8665649890899658,0.7120442986488342
25,0.8412036895751953,0.9231035113334656,0.3515286445617676,0.8349719643592834,0.8510527014732361,0.8033221364021301,0.9045283794403076,0.4939229190349579,0.8707139492034912,0.7098506093025208
26,0.8426917791366577,0.9248497486114502,0.3475452661514282,0.8365446925163269,0.8523649573326111,0.7985747456550598,0.9033432602882385,0.512872576713562,0.8753921985626221,0.6936383843421936
27,0.8446006178855896,0.9262261390686035,0.3445626199245453,0.8379217982292175,0.8550154566764832,0.8069267868995667,0.9057203531265259,0.49429842829704285,0.8722884654998779,0.7166196703910828
28,0.8471612930297852,0.9280781149864197,0.34041672945022583,0.8410866260528564,0.8565871119499207,0.8042258620262146,0.9058624505996704,0.5057988166809082,0.8767625093460083,0.705421507358551
29,0.8495947122573853,0.9300658702850342,0.3358187973499298,0.8431214690208435,0.8595384955406189,0.8092848658561707,0.9091576337814331,0.49055972695350647,0.8766595125198364,0.7173717617988586
30,0.8507893681526184,0.9316561222076416,0.3321167528629303,0.844305694103241,0.8607107400894165,0.807612419128418,0.9086290001869202,0.4991370439529419,0.8781864643096924,0.7118144631385803
31,0.8533656597137451,0.933203399181366,0.32838740944862366,0.8467199802398682,0.8634442090988159,0.8105522394180298,0.909575879573822,0.48870745301246643,0.8769849538803101,0.7199832797050476
32,0.8547031283378601,0.9346733093261719,0.3250542879104614,0.8483362793922424,0.8643311858177185,0.819236695766449,0.9130498170852661,0.4633341133594513,0.8710235357284546,0.7470803260803223
33,0.8558120727539062,0.9357990622520447,0.32229310274124146,0.8496813178062439,0.8650625348091125,0.8157982230186462,0.912988543510437,0.4742189645767212,0.8779380321502686,0.7312023639678955
34,0.8584532737731934,0.9374183416366577,0.3185449242591858,0.8519976139068604,0.8680968880653381,0.821241557598114,0.9148676991462708,0.4584127962589264,0.8730742335319519,0.7494411468505859
35,0.8606321811676025,0.9390264749526978,0.3146906793117523,0.8542575836181641,0.870093822479248,0.8187588453292847,0.9144692420959473,0.4734393358230591,0.8791444301605225,0.7367805242538452
36,0.8611100316047668,0.9400440454483032,0.31188303232192993,0.8547369241714478,0.8705554604530334,0.818956196308136,0.9148155450820923,0.47616487741470337,0.8803198933601379,0.7359448671340942
37,0.8628734350204468,0.9413778781890869,0.3087376356124878,0.8565621376037598,0.8721789717674255,0.8168681859970093,0.9150537848472595,0.48845240473747253,0.8856829404830933,0.725310742855072
38,0.8645329475402832,0.942363977432251,0.30604812502861023,0.858238935470581,0.8737661838531494,0.8229867815971375,0.919298529624939,0.4593904912471771,0.8856306672096252,0.7394965291023254
39,0.8667819499969482,0.9439598321914673,0.30222147703170776,0.860400915145874,0.8760743141174316,0.823880136013031,0.9192991256713867,0.4610987603664398,0.8843600153923035,0.7429437041282654
40,0.867875337600708,0.9452412724494934,0.2987753748893738,0.861965537071228,0.8764737248420715,0.8282431364059448,0.9215366840362549,0.4459526538848877,0.8834977746009827,0.7539955973625183
41,0.8696699142456055,0.9463774561882019,0.2959515452384949,0.8635035753250122,0.8785796165466309,0.8316296935081482,0.9219648838043213,0.43971332907676697,0.8815659284591675,0.7640238404273987
42,0.8718955516815186,0.9477659463882446,0.29235076904296875,0.8662089109420776,0.8800786137580872,0.8324815034866333,0.9230900406837463,0.4375699460506439,0.8824805617332458,0.7649639844894409
43,0.8729836940765381,0.9486895203590393,0.289811372756958,0.8671303987503052,0.8813701868057251,0.8306947350502014,0.9240193963050842,0.4429319500923157,0.8873916864395142,0.755353569984436
44,0.8742017149925232,0.9496085047721863,0.2872861921787262,0.8679383993148804,0.8831233382225037,0.8336865305900574,0.9239338636398315,0.44268742203712463,0.8865053653717041,0.7632299065589905
45,0.8763365149497986,0.9509168863296509,0.2838287949562073,0.8706154227256775,0.8844563961029053,0.8302584290504456,0.9232226014137268,0.4521547257900238,0.8894186615943909,0.75213623046875
46,0.8774376511573792,0.9521287679672241,0.2805664837360382,0.8716978430747986,0.8855559825897217,0.8340916633605957,0.9262551665306091,0.4400372803211212,0.8915103673934937,0.7586545348167419
47,0.879406213760376,0.9532138109207153,0.27743685245513916,0.873728334903717,0.8873921632766724,0.8376755714416504,0.9277489185333252,0.42763379216194153,0.8884310722351074,0.7702705264091492
48,0.8807644844055176,0.9541918635368347,0.2746286690235138,0.8752458691596985,0.8885021805763245,0.837062656879425,0.9279570579528809,0.4303024411201477,0.8912937641143799,0.7656951546669006
49,0.882070779800415,0.9552063941955566,0.2717089056968689,0.8766560554504395,0.8896381258964539,0.8400856256484985,0.928605854511261,0.42592594027519226,0.8895366787910461,0.774574339389801
50,0.8831719160079956,0.955765426158905,0.2701696753501892,0.8778400421142578,0.8906028866767883,0.8386936187744141,0.9290638566017151,0.42845046520233154,0.8922584056854248,0.7683693766593933
51,0.8852859139442444,0.9571841955184937,0.2661222219467163,0.8802202343940735,0.8923145532608032,0.843773365020752,0.9317885041236877,0.4098333716392517,0.8910091519355774,0.7813851237297058
52,0.8857482075691223,0.9576189517974854,0.26471465826034546,0.8805938363075256,0.8928850889205933,0.8410101532936096,0.9314844012260437,0.42157426476478577,0.8975774049758911,0.7678679823875427
53,0.8879297375679016,0.9590431451797485,0.2606467306613922,0.8832638263702393,0.8943737745285034,0.8422567248344421,0.9320765733718872,0.41745126247406006,0.8951632380485535,0.7733207941055298
54,0.8891633152961731,0.9599888324737549,0.2576213479042053,0.8842540979385376,0.8959038853645325,0.8451550006866455,0.9321979880332947,0.41705211997032166,0.894614577293396,0.7805285453796387
55,0.8913058638572693,0.9608105421066284,0.25514867901802063,0.8864944577217102,0.8978749513626099,0.8466300964355469,0.9323082566261292,0.41535237431526184,0.8930768370628357,0.7856053709983826
56,0.8917837142944336,0.9612503051757812,0.25373783707618713,0.8871757984161377,0.8980771899223328,0.8483129739761353,0.9341894388198853,0.40291619300842285,0.8944946527481079,0.787861704826355
57,0.893858790397644,0.9628228545188904,0.2488991767168045,0.889149010181427,0.9002453684806824,0.8487908244132996,0.9347444772720337,0.40180182456970215,0.8941240310668945,0.7893659472465515
58,0.8945002555847168,0.9633467793464661,0.24712397158145905,0.8899834752082825,0.9006239771842957,0.8514190316200256,0.9370683431625366,0.3900012671947479,0.8962455987930298,0.7929802536964417
59,0.8966401815414429,0.9642554521560669,0.2444077730178833,0.8918662667274475,0.9030566215515137,0.8481675386428833,0.9358968138694763,0.40770652890205383,0.901878297328949,0.7794421911239624
60,0.8975803256034851,0.9650704860687256,0.24170546233654022,0.8935111165046692,0.9030721783638,0.8504840731620789,0.9365357160568237,0.39946097135543823,0.8984003067016602,0.7884675860404968
61,0.8984555602073669,0.9656948447227478,0.2395639568567276,0.8942079544067383,0.9041614532470703,0.8537355661392212,0.9379092454910278,0.38875630497932434,0.8971248269081116,0.7972631454467773
62,0.8992112874984741,0.9663461446762085,0.2374892681837082,0.8947012424468994,0.9052403569221497,0.8532784581184387,0.9385772347450256,0.3933437466621399,0.90155428647995,0.7913298010826111
63,0.9013512134552002,0.9672719836235046,0.2343999147415161,0.8973388671875,0.9067082405090332,0.8561663627624512,0.9385794997215271,0.3863446116447449,0.8973903656005859,0.8024861812591553
64,0.9028939008712769,0.9682175517082214,0.23113979399204254,0.8993308544158936,0.9076574444770813,0.8559274673461914,0.939897358417511,0.38485440611839294,0.9014074802398682,0.7974720597267151
65,0.9041378498077393,0.9687401652336121,0.22923913598060608,0.9004279375076294,0.9090682864189148,0.8557196855545044,0.9410830140113831,0.3807332515716553,0.9027119278907776,0.7955708503723145
66,0.9049118161201477,0.9695375561714172,0.22659628093242645,0.9011687636375427,0.9098722338676453,0.8550652265548706,0.9391701221466064,0.39304208755493164,0.9004747271537781,0.7965527772903442
67,0.9061115980148315,0.9701985120773315,0.22425223886966705,0.9022190570831299,0.9112415909767151,0.8587425947189331,0.9417613744735718,0.3778130114078522,0.903435468673706,0.8015878200531006
68,0.9076334834098816,0.9710709452629089,0.22120757400989532,0.9044008255004883,0.9119158983230591,0.8595321178436279,0.9416922926902771,0.37712961435317993,0.9014753103256226,0.8055363893508911
69,0.9088515043258667,0.9714979529380798,0.21952511370182037,0.9056676626205444,0.9130570292472839,0.8597190976142883,0.9429188370704651,0.37438392639160156,0.9047518372535706,0.8023399114608765
70,0.9095319509506226,0.9720649719238281,0.21744869649410248,0.9064252972602844,0.9136327505111694,0.8644145131111145,0.9440216422080994,0.3619908392429352,0.9004532098770142,0.8177164793014526
71,0.9112122058868408,0.9730306267738342,0.21396620571613312,0.9079829454421997,0.9154430031776428,0.8608929514884949,0.9436697959899902,0.3738996684551239,0.9058247208595276,0.8038023710250854
72,0.9118718504905701,0.9734355807304382,0.21248887479305267,0.909074068069458,0.9155622720718384,0.8666791319847107,0.9456503391265869,0.3562694191932678,0.9024239182472229,0.8205996155738831
73,0.9142403602600098,0.9742546081542969,0.20934323966503143,0.9114267826080322,0.91792231798172,0.8644872307777405,0.9449783563613892,0.36530184745788574,0.9038881063461304,0.8140186071395874
74,0.9154194593429565,0.9748660326004028,0.20699745416641235,0.9124471545219421,0.9192813038825989,0.8667518496513367,0.9467930197715759,0.3529851734638214,0.9035891890525818,0.8194505572319031
75,0.9162842631340027,0.9757022261619568,0.20371392369270325,0.9137197136878967,0.9196391701698303,0.8669908046722412,0.9467952847480774,0.3575684428215027,0.9065986275672913,0.8166301250457764
76,0.9172841310501099,0.9760188460350037,0.2024644911289215,0.9147310256958008,0.9206143617630005,0.8659623265266418,0.9468392133712769,0.35747969150543213,0.907368540763855,0.8134753704071045
77,0.9187955856323242,0.9768109321594238,0.19939643144607544,0.9158107042312622,0.9226320385932922,0.8685489892959595,0.9479910731315613,0.35117506980895996,0.9067532420158386,0.8199519515037537
78,0.9191072583198547,0.97725909948349,0.19749511778354645,0.9168278574943542,0.9220874309539795,0.8698163628578186,0.9481123685836792,0.3482417166233063,0.9047030210494995,0.8250914216041565
79,0.9206238985061646,0.9777681231498718,0.1952895075082779,0.9181224703788757,0.9238561391830444,0.8698267340660095,0.9477619528770447,0.35067686438560486,0.9038355946540833,0.8260942101478577
80,0.9219639897346497,0.9782229065895081,0.1934461146593094,0.9197986125946045,0.9247794151306152,0.8664090633392334,0.9483837485313416,0.3593848943710327,0.91245436668396,0.8089418411254883
81,0.9234313368797302,0.979011595249176,0.1902712732553482,0.921680212020874,0.9257389903068542,0.8695774078369141,0.9489410519599915,0.353902131319046,0.9107915759086609,0.8178000450134277
82,0.9240026473999023,0.9793460965156555,0.188680037856102,0.9221479892730713,0.9264288544654846,0.8702837824821472,0.9497196078300476,0.34999191761016846,0.9106844067573547,0.8194923400878906
83,0.9246779084205627,0.9799533486366272,0.1861666589975357,0.9226096868515015,0.9273521304130554,0.8716550469398499,0.9505094289779663,0.34406280517578125,0.9105582237243652,0.8226888179779053
84,0.9264594912528992,0.9804748296737671,0.18389105796813965,0.9247172474861145,0.9287318587303162,0.8743559122085571,0.9509486556053162,0.3404563367366791,0.9087626338005066,0.8307113647460938
85,0.926945149898529,0.9808167815208435,0.18220140039920807,0.9254879951477051,0.9288771152496338,0.8760387897491455,0.9521427750587463,0.3335551619529724,0.9092109799385071,0.8339705467224121
86,0.9283657073974609,0.981351912021637,0.17994970083236694,0.926899254322052,0.9302983283996582,0.875353217124939,0.9512718319892883,0.3393059968948364,0.9093170762062073,0.8323200941085815
87,0.9290772676467896,0.9816333055496216,0.17846442759037018,0.9277929663658142,0.9307910799980164,0.8755505681037903,0.9513412117958069,0.3374568819999695,0.9086478352546692,0.8335109353065491
88,0.929498016834259,0.9822059273719788,0.17609477043151855,0.9281010627746582,0.9313408732414246,0.8745844960212708,0.9518530368804932,0.34101319313049316,0.9118567705154419,0.8277865052223206
89,0.930554986000061,0.9826436042785645,0.17383931577205658,0.929186224937439,0.9323574900627136,0.8769425749778748,0.9527758955955505,0.33231350779533386,0.9100803732872009,0.8350151181221008
90,0.9320483207702637,0.983142614364624,0.17158733308315277,0.931035578250885,0.933426022529602,0.875207781791687,0.952938437461853,0.3399161994457245,0.9154345393180847,0.8252585530281067
91,0.9331130981445312,0.9836359620094299,0.1691565215587616,0.9318414330482483,0.9347849488258362,0.8742831945419312,0.9525229334831238,0.3447175621986389,0.9158005118370056,0.8228141665458679
92,0.9338012933731079,0.9839776158332825,0.16734689474105835,0.9328331351280212,0.9351169466972351,0.8780748844146729,0.9541006088256836,0.3304354250431061,0.9129291772842407,0.8343675136566162
93,0.9350219368934631,0.9844126105308533,0.16527535021305084,0.9337483644485474,0.9366833567619324,0.8806407451629639,0.9552788734436035,0.3208506405353546,0.9119572639465332,0.8411574363708496
94,0.9365723729133606,0.9849762916564941,0.16267041862010956,0.9358620047569275,0.9375755190849304,0.8798927664756775,0.9550275206565857,0.32610175013542175,0.9150147438049316,0.8361015319824219
95,0.9368736147880554,0.9851946234703064,0.16127987205982208,0.9356300234794617,0.9384884238243103,0.880059003829956,0.9552779793739319,0.3242362141609192,0.9147424697875977,0.8367700576782227
96,0.9382162690162659,0.9856090545654297,0.15923628211021423,0.9372267127037048,0.9395310282707214,0.8808069229125977,0.9555909633636475,0.3228229880332947,0.9140139818191528,0.8392353653907776
97,0.9387824535369873,0.9860316514968872,0.15706117451190948,0.9383532404899597,0.9394531846046448,0.8816483616828918,0.9562364220619202,0.32007017731666565,0.9148128032684326,0.8402172923088074
98,0.9397485256195068,0.9863882660865784,0.15524370968341827,0.9390938878059387,0.9406720995903015,0.8819392323493958,0.9562985301017761,0.3206283152103424,0.9148858785629272,0.8407813906669617
99,0.9409587979316711,0.9867144227027893,0.15337711572647095,0.9405011534690857,0.9416524171829224,0.8822197318077087,0.9567520618438721,0.31657299399375916,0.9140537977218628,0.842327356338501
100,0.9413015842437744,0.9870121479034424,0.1517389714717865,0.9406741261482239,0.942186713218689,0.8843284845352173,0.9570211172103882,0.31570956110954285,0.9148032665252686,0.846171498298645
101,0.9425845146179199,0.9874783754348755,0.1492038071155548,0.9422693252563477,0.9431099891662598,0.8813679218292236,0.9560232162475586,0.32485032081604004,0.9156876802444458,0.8386294841766357
102,0.9433844089508057,0.9877423644065857,0.14767451584339142,0.9428746104240417,0.9441266059875488,0.8821366429328918,0.9565514922142029,0.32535552978515625,0.917961835861206,0.8378355503082275
103,0.9442673921585083,0.9879887104034424,0.14620892703533173,0.9438701868057251,0.9448786973953247,0.8836429119110107,0.9570516347885132,0.3203813433647156,0.9175474047660828,0.8416170477867126
104,0.9448881149291992,0.9883652925491333,0.14425520598888397,0.9447036385536194,0.9452573657035828,0.8869670629501343,0.9582409858703613,0.30986520648002625,0.9145444631576538,0.8523138165473938
105,0.9454750418663025,0.9887102246284485,0.14231009781360626,0.945183277130127,0.9459627866744995,0.8865723609924316,0.9579758048057556,0.3130153715610504,0.9139143824577332,0.8521466851234436
106,0.9469917416572571,0.9890689253807068,0.13992555439472198,0.9469884634017944,0.9471505880355835,0.886478841304779,0.9583008289337158,0.3140244483947754,0.9174144268035889,0.8480309247970581
107,0.9477941989898682,0.989366888999939,0.13829347491264343,0.9478431344032288,0.9478923082351685,0.8858970999717712,0.9576693177223206,0.31846997141838074,0.915148913860321,0.8492635488510132
108,0.9481629729270935,0.9895537495613098,0.13694921135902405,0.9478211998939514,0.9486962556838989,0.8877254128456116,0.9587987065315247,0.3124188780784607,0.9175436496734619,0.8506424427032471
109,0.9489888548851013,0.9898841977119446,0.13487422466278076,0.9489708542823792,0.9491578936576843,0.8872683644294739,0.9588161110877991,0.3107430040836334,0.9167848825454712,0.8504753112792969
110,0.949762761592865,0.9901753067970276,0.13323858380317688,0.9499862790107727,0.9496610164642334,0.8859802484512329,0.9591972827911377,0.3168685734272003,0.9224286079406738,0.8414499163627625
111,0.9503886699676514,0.9904546141624451,0.1313478946685791,0.9505577087402344,0.9503456950187683,0.8885668516159058,0.9595173001289368,0.3102899193763733,0.9193351864814758,0.8505170941352844
112,0.9517235159873962,0.9906732439994812,0.12967461347579956,0.9521678686141968,0.9513727426528931,0.8903432488441467,0.9603142738342285,0.30466794967651367,0.9196832180023193,0.8540478348731995
113,0.9526299238204956,0.9911301732063293,0.1270138919353485,0.952808141708374,0.952570915222168,0.8907483816146851,0.9603596925735474,0.30405840277671814,0.9186244606971741,0.8561161756515503
114,0.9530766010284424,0.9911534786224365,0.1266191303730011,0.9534001350402832,0.952856183052063,0.8903016448020935,0.960283100605011,0.30739790201187134,0.9187526702880859,0.8549879789352417
115,0.9534401893615723,0.9914556741714478,0.12486949563026428,0.9538953304290771,0.953074038028717,0.890550971031189,0.9606314301490784,0.30336710810661316,0.9191726446151733,0.8550715446472168
116,0.9542504549026489,0.9916000962257385,0.12375330924987793,0.9544881582260132,0.9541217684745789,0.8908002972602844,0.9603516459465027,0.3077840805053711,0.9194421172142029,0.8553222417831421
117,0.955161988735199,0.9918075203895569,0.12206888943910599,0.9557843208312988,0.9546093344688416,0.8921403884887695,0.9610239863395691,0.30250951647758484,0.9190367460250854,0.8587276935577393
118,0.9557697176933289,0.9921368956565857,0.11988425999879837,0.9562923908233643,0.9553251266479492,0.8891070485115051,0.9606824517250061,0.3133396804332733,0.9245821833610535,0.8459835052490234
119,0.9564917087554932,0.9923136234283447,0.11860749870538712,0.9571850299835205,0.9558594226837158,0.8928779363632202,0.9613910913467407,0.3020346164703369,0.9204227328300476,0.8588112592697144
120,0.9574967622756958,0.9925618767738342,0.11668727546930313,0.9581162929534912,0.9569434523582458,0.8939375281333923,0.9620870351791382,0.29820749163627625,0.9213382601737976,0.8601274490356445
121,0.9574084877967834,0.9926972389221191,0.11588851362466812,0.9582517147064209,0.9566115140914917,0.8935427665710449,0.9616990685462952,0.30120524764060974,0.9204614162445068,0.860231876373291
122,0.958252489566803,0.9929034113883972,0.11422353237867355,0.9591079354286194,0.9574413895606995,0.8937505483627319,0.9617568254470825,0.30069518089294434,0.9205909371376038,0.86054527759552
123,0.9594263434410095,0.9932389259338379,0.11182720214128494,0.9601196646690369,0.9587900042533875,0.8948516845703125,0.9621706008911133,0.2968662679195404,0.9187245965003967,0.8650580048561096
124,0.960127592086792,0.9933612942695618,0.11078448593616486,0.9606103301048279,0.9597184658050537,0.8958801031112671,0.9619753360748291,0.2985019087791443,0.9184580445289612,0.8676276803016663
125,0.9602704048156738,0.9934754371643066,0.109756238758564,0.9608655571937561,0.9597392082214355,0.8921923041343689,0.9621713161468506,0.30655190348625183,0.9258627891540527,0.8513527512550354
126,0.9607664346694946,0.9936971068382263,0.10819422453641891,0.9615796208381653,0.9599985480308533,0.8948516845703125,0.962643563747406,0.300825834274292,0.9243170022964478,0.8588530421257019
127,0.9618520140647888,0.9938315749168396,0.10690349340438843,0.9627423882484436,0.960999608039856,0.8927428722381592,0.9616254568099976,0.30971622467041016,0.9239508509635925,0.8546327948570251
128,0.9623090624809265,0.9940109252929688,0.10539495944976807,0.9633152484893799,0.9613316059112549,0.8930960893630981,0.9622093439102173,0.3078395426273346,0.9260090589523315,0.8531703948974609
129,0.9630336761474609,0.9942426681518555,0.1037595272064209,0.9642454385757446,0.961834728717804,0.8952671885490417,0.962249755859375,0.30477550625801086,0.9231492877006531,0.8610466718673706
130,0.9637815952301025,0.9943448901176453,0.10248355567455292,0.964839518070221,0.9627476334571838,0.8960462808609009,0.9624924659729004,0.30050453543663025,0.9206257462501526,0.8655593991279602
131,0.9641711711883545,0.9944726824760437,0.10145970433950424,0.9651036262512207,0.9632714986801147,0.8978330492973328,0.9635620713233948,0.29199495911598206,0.9207789301872253,0.8693199753761292
132,0.9644464254379272,0.994645893573761,0.10009121149778366,0.9655532836914062,0.9633596539497375,0.8968669772148132,0.9633327722549438,0.2964199483394623,0.9223011136054993,0.8654966950416565
133,0.9652099609375,0.994807779788971,0.09856630861759186,0.9659347534179688,0.9645318984985352,0.8968358039855957,0.9632255434989929,0.30079972743988037,0.9239572882652283,0.8635955452919006
134,0.9657995104789734,0.9949671030044556,0.09707829356193542,0.9668808579444885,0.9647393822669983,0.8972721099853516,0.9635496139526367,0.2980591952800751,0.923272430896759,0.8653087019920349
135,0.9659864902496338,0.9950982332229614,0.09598862379789352,0.9671991467475891,0.9647860527038574,0.8976979851722717,0.9632328152656555,0.30035606026649475,0.9230033159255981,0.86654132604599
136,0.966926634311676,0.9952423572540283,0.09456651657819748,0.9679213166236877,0.965958297252655,0.8976564407348633,0.9635113477706909,0.2973974049091339,0.921570360660553,0.8680455684661865
137,0.9673057794570923,0.9952968955039978,0.09382501989603043,0.968256950378418,0.9663836359977722,0.8965449333190918,0.9634678959846497,0.30197659134864807,0.9259675741195679,0.8607541918754578
138,0.9677213430404663,0.9954707622528076,0.09216536581516266,0.9688189029693604,0.9666429758071899,0.8995262980461121,0.9642162919044495,0.29166558384895325,0.9211936593055725,0.8725791573524475
139,0.96849524974823,0.9956567287445068,0.09071317315101624,0.9692519307136536,0.9677789211273193,0.8985082507133484,0.9639935493469238,0.29627180099487305,0.923230767250061,0.8680664300918579
140,0.9687497615814209,0.9956969618797302,0.0900420993566513,0.9697798490524292,0.9677426218986511,0.9002638459205627,0.9641388654708862,0.2910802662372589,0.9182772040367126,0.8775096535682678
141,0.9696223735809326,0.9959067106246948,0.08814311027526855,0.9705894589424133,0.9686814546585083,0.9009079337120056,0.9644533395767212,0.29315048456192017,0.9228562712669373,0.8737490773200989
142,0.9698197245597839,0.9959852695465088,0.0872616171836853,0.9707086682319641,0.9689615368843079,0.8993496894836426,0.9642041921615601,0.29805055260658264,0.924479603767395,0.868526041507721
143,0.9702612161636353,0.99605792760849,0.0861753299832344,0.9715914130210876,0.9689356088638306,0.9001080393791199,0.96424800157547,0.2974510192871094,0.9235488176345825,0.871221125125885
144,0.971061110496521,0.9962258338928223,0.08476707339286804,0.972200870513916,0.9699366688728333,0.9005235433578491,0.9644737839698792,0.2958637773990631,0.924048125743866,0.8715763092041016
145,0.971245527267456,0.9963019490242004,0.08380916714668274,0.9725205302238464,0.9699781537055969,0.8990380764007568,0.9638282060623169,0.30371785163879395,0.9251672029495239,0.8670845031738281
146,0.9716091156005859,0.9963673949241638,0.08308511227369308,0.9724423289299011,0.9708080887794495,0.9016039371490479,0.9648287892341614,0.2930797338485718,0.922690749168396,0.8754622340202332
147,0.9722661375999451,0.996464729309082,0.08202899992465973,0.9735892415046692,0.9709481000900269,0.9008975028991699,0.9641296863555908,0.2996319532394409,0.9221093654632568,0.8745638728141785
148,0.972582995891571,0.9966441988945007,0.08017831295728683,0.973738968372345,0.971440851688385,0.9016039371490479,0.9646671414375305,0.29415756464004517,0.920339822769165,0.8781155347824097
149,0.9730868339538574,0.9967541098594666,0.07898590713739395,0.9739672541618347,0.9722344875335693,0.8995886445045471,0.9644020795822144,0.3025219142436981,0.9264899492263794,0.8668338060379028
150,0.9735594987869263,0.9968240857124329,0.07809195667505264,0.9750325083732605,0.9720840454101562,0.9012091755867004,0.9644747972488403,0.2999148666858673,0.9241964817047119,0.8729134202003479
151,0.9741594195365906,0.9968988299369812,0.07704818248748779,0.9752254486083984,0.9731110334396362,0.9000041484832764,0.964293897151947,0.3018178343772888,0.9240391254425049,0.870448112487793
152,0.9748294353485107,0.9970468282699585,0.07550282031297684,0.9759504795074463,0.9737231135368347,0.9013857841491699,0.9644933342933655,0.30068275332450867,0.9238876104354858,0.8736446499824524
153,0.9743879437446594,0.9969959259033203,0.07568970322608948,0.975543200969696,0.9732459187507629,0.9016973972320557,0.9647950530052185,0.2992320954799652,0.9248197078704834,0.8732894659042358
154,0.9755176305770874,0.9971640110015869,0.07411070168018341,0.9765872955322266,0.9744648337364197,0.9024661183357239,0.9649638533592224,0.29732605814933777,0.925149142742157,0.874605655670166
155,0.975624144077301,0.9971643090248108,0.07362519949674606,0.976760745048523,0.9745011329650879,0.9019986987113953,0.9654107689857483,0.2966569662094116,0.9269826412200928,0.8715553879737854
156,0.9754267334938049,0.9972228407859802,0.07299793511629105,0.9764443039894104,0.9744285345077515,0.903733491897583,0.9655037522315979,0.2924957573413849,0.9216886162757874,0.8812702298164368
157,0.9764577746391296,0.9973616600036621,0.07127423584461212,0.9778262376785278,0.9750924706459045,0.9030998349189758,0.9650497436523438,0.2985595762729645,0.9237908720970154,0.8775096535682678
158,0.9768707156181335,0.9974096417427063,0.07057461142539978,0.9778047800064087,0.9759586453437805,0.9035568833351135,0.9656478762626648,0.29451245069503784,0.9241628050804138,0.8780946135520935
159,0.9768343567848206,0.9974856376647949,0.0697128176689148,0.9778081774711609,0.9758808612823486,0.904013991355896,0.9657959938049316,0.2924465537071228,0.922768771648407,0.8806643486022949
160,0.9776368737220764,0.9975956678390503,0.06828242540359497,0.9789571166038513,0.9763217568397522,0.9046268463134766,0.9657893776893616,0.29398247599601746,0.923980712890625,0.8806434869766235
161,0.9771901369094849,0.9976203441619873,0.06816930323839188,0.9784053564071655,0.9759846329689026,0.9034010767936707,0.9654935002326965,0.29926249384880066,0.9257108569145203,0.8760263323783875
162,0.9783614277839661,0.9977101683616638,0.06672371178865433,0.9795953631401062,0.9771360754966736,0.9042840600013733,0.9649335145950317,0.300434947013855,0.9242607355117798,0.8795779943466187
163,0.9787328243255615,0.9977661371231079,0.06570739299058914,0.9800595045089722,0.9774110317230225,0.9042320847511292,0.9658821225166321,0.2965256869792938,0.9268766641616821,0.8765486478805542
164,0.9788860082626343,0.9978244304656982,0.06497856229543686,0.9800106883049011,0.9777740836143494,0.9061746597290039,0.9661672711372375,0.29133379459381104,0.9226031303405762,0.88559490442276
165,0.9788756370544434,0.9978105425834656,0.06477060168981552,0.9801151156425476,0.9776444435119629,0.9046891927719116,0.965825080871582,0.29826438426971436,0.9265522956848145,0.8779066205024719
166,0.9794340133666992,0.9979272484779358,0.06341344863176346,0.9806916117668152,0.9781838655471802,0.9058526754379272,0.9658814668655396,0.2939909100532532,0.9226797223091125,0.8848010301589966
167,0.9797846078872681,0.9979555606842041,0.06300368905067444,0.9811552166938782,0.9784172773361206,0.9051462411880493,0.9656372666358948,0.29733341932296753,0.9241010546684265,0.8816462755203247
168,0.9798105955123901,0.998019814491272,0.062212832272052765,0.9809610843658447,0.9786714315414429,0.9063408970832825,0.9661664366722107,0.2931959629058838,0.9232931733131409,0.8851770758628845
169,0.9801793694496155,0.9980650544166565,0.061435505747795105,0.9814804196357727,0.9788841009140015,0.9050008058547974,0.9656528234481812,0.2999553680419922,0.9270525574684143,0.8780319690704346
170,0.9807351231575012,0.9981389045715332,0.05982929468154907,0.9819667339324951,0.9795116782188416,0.9061746597290039,0.9663791656494141,0.29382994771003723,0.9244322180747986,0.8835265636444092
171,0.9808312058448792,0.9982040524482727,0.05924556776881218,0.9820353388786316,0.9796361923217773,0.9055618047714233,0.9657851457595825,0.2959488034248352,0.9228537678718567,0.8839653134346008
172,0.9810285568237305,0.9982284903526306,0.05877160653471947,0.9820624589920044,0.9800096750259399,0.9057176113128662,0.9657814502716064,0.2975733280181885,0.9232296943664551,0.8838817477226257
173,0.9810805320739746,0.9982536435127258,0.05824539437890053,0.9824604988098145,0.9797036051750183,0.9069849848747253,0.9667502045631409,0.2914454936981201,0.9250060319900513,0.8846547603607178
174,0.9817739129066467,0.9983546733856201,0.0570109523832798,0.9828359484672546,0.9807254672050476,0.9054371118545532,0.965915322303772,0.3000389337539673,0.9264997243881226,0.87959885597229
175,0.9819349646568298,0.9983270764350891,0.05671779066324234,0.9831528067588806,0.9807254672050476,0.9076913595199585,0.9665374755859375,0.2929564416408539,0.9231972098350525,0.8882482051849365
176,0.9824985265731812,0.9984560608863831,0.05541033670306206,0.9836541414260864,0.9813530445098877,0.9074316620826721,0.9661737084388733,0.29640650749206543,0.924132227897644,0.8866186141967773
177,0.9822803735733032,0.9983962178230286,0.05540299788117409,0.9835463762283325,0.9810211062431335,0.9075562953948975,0.9659567475318909,0.2963712811470032,0.9218743443489075,0.8894599676132202
178,0.982628345489502,0.9984644055366516,0.054532408714294434,0.9837689995765686,0.9814983010292053,0.9077017307281494,0.9662739038467407,0.2971397042274475,0.925583004951477,0.8855739831924438
179,0.9832750558853149,0.9985730648040771,0.05306839570403099,0.984403669834137,0.9821570515632629,0.9085016250610352,0.9665063619613647,0.2959686517715454,0.9243573546409607,0.8887078166007996
180,0.9834932088851929,0.998602032661438,0.05244431272149086,0.9846270680427551,0.9823697209358215,0.907940685749054,0.9660550355911255,0.2978092432022095,0.9239364266395569,0.8879557251930237
181,0.9835347533226013,0.9986010789871216,0.052269745618104935,0.9849005937576294,0.9821726083755493,0.9070472717285156,0.966262698173523,0.3003629148006439,0.9264128804206848,0.883213222026825
182,0.9839502573013306,0.9986555576324463,0.05123795568943024,0.9852762818336487,0.9826290607452393,0.9078575372695923,0.9661144614219666,0.299552321434021,0.9245508909225464,0.8870782256126404
183,0.9845683574676514,0.9987047910690308,0.05049436166882515,0.9856476783752441,0.9835004210472107,0.9082211256027222,0.9661455750465393,0.2987403869628906,0.9231352806091309,0.8894808292388916
184,0.9840074181556702,0.9986434578895569,0.051099516451358795,0.9850761890411377,0.9829506278038025,0.9086989760398865,0.9665210843086243,0.2967716157436371,0.9259428977966309,0.8873498439788818
185,0.9843112230300903,0.9987119436264038,0.05008552968502045,0.9856049418449402,0.9830232262611389,0.9084289073944092,0.966193437576294,0.29947540163993835,0.9246042370796204,0.8882690668106079
186,0.9848462343215942,0.998763918876648,0.04902227595448494,0.9860495924949646,0.9836508631706238,0.9082419276237488,0.9664317965507507,0.3002399206161499,0.9261693954467773,0.8860962986946106
187,0.9851994514465332,0.9988264441490173,0.0480247400701046,0.9864132404327393,0.9839931726455688,0.9087094068527222,0.9663971662521362,0.3004615008831024,0.9255734086036682,0.8877885937690735
188,0.9849604964256287,0.9987912774085999,0.048159193247556686,0.9862044453620911,0.9837234616279602,0.909072995185852,0.9663766026496887,0.29947224259376526,0.9246135354042053,0.889668881893158
189,0.9854124188423157,0.9988684058189392,0.04718289151787758,0.9866619110107422,0.9841695427894592,0.9073173999786377,0.9656102061271667,0.3095260560512543,0.9265108704566956,0.8836936950683594
190,0.9852903485298157,0.9988705515861511,0.046824272722005844,0.9864005446434021,0.9841902852058411,0.9097378253936768,0.9665123820304871,0.29760727286338806,0.9223372340202332,0.8937219381332397
191,0.985731840133667,0.9989323616027832,0.046034496277570724,0.9865996241569519,0.9848801493644714,0.9082731008529663,0.9663647413253784,0.3023902177810669,0.9260997772216797,0.8862425684928894
192,0.9862330555915833,0.9989429116249084,0.045495908707380295,0.9873010516166687,0.9851757884025574,0.9090521931648254,0.9666699171066284,0.3002118468284607,0.9262949228286743,0.8877258896827698
193,0.9863239526748657,0.9989619851112366,0.044753484427928925,0.9873337745666504,0.9853262305259705,0.9094573259353638,0.9668436050415039,0.2998155951499939,0.9241586923599243,0.8910268545150757
194,0.9864044785499573,0.9989994764328003,0.044444646686315536,0.9874523282051086,0.9853677153587341,0.9104130268096924,0.9665707945823669,0.3003067672252655,0.9242361783981323,0.8930324912071228
195,0.9867992401123047,0.9990177154541016,0.04360666498541832,0.9877712726593018,0.9858397245407104,0.9095715880393982,0.9665274024009705,0.3026750385761261,0.9275295734405518,0.8874751925468445
196,0.9869628548622131,0.9990246295928955,0.04325846582651138,0.9879578351974487,0.9859797954559326,0.9093015193939209,0.966170608997345,0.30492502450942993,0.9240605235099792,0.8907970190048218
197,0.9870615005493164,0.9990682005882263,0.042525410652160645,0.9881733059883118,0.9859590530395508,0.9094988703727722,0.9666846394538879,0.3001812696456909,0.9253264665603638,0.8897942304611206
198,0.9870121479034424,0.999073326587677,0.042492810636758804,0.9881061315536499,0.985927939414978,0.9088859558105469,0.9661299586296082,0.30615395307540894,0.9243259429931641,0.8895853161811829
199,0.9871523976325989,0.9990630149841309,0.04227633401751518,0.9882667660713196,0.9860472083091736,0.9111505746841431,0.9667700529098511,0.29804494976997375,0.9210436344146729,0.8983181715011597
200,0.9872744679450989,0.9991142749786377,0.04138835892081261,0.9883407354354858,0.9862183928489685,0.9102156758308411,0.9666019678115845,0.3018643260002136,0.9236186146736145,0.8933041095733643
201,0.9876302480697632,0.9991527199745178,0.04067973420023918,0.9886688590049744,0.9866021871566772,0.9094365239143372,0.9661641120910645,0.3078203499317169,0.9253536462783813,0.8896270990371704
202,0.9877523183822632,0.9991648197174072,0.04054413363337517,0.9887478351593018,0.9867681860923767,0.9104130268096924,0.9663854241371155,0.3051460385322571,0.9252845048904419,0.8918416500091553
203,0.988211989402771,0.9991793632507324,0.03983648866415024,0.9891086220741272,0.9873283505439758,0.9107662439346313,0.9665474891662598,0.30473586916923523,0.9251553416252136,0.8927608728408813
204,0.9880016446113586,0.9991931319236755,0.03964746743440628,0.9891752600669861,0.9868355989456177,0.9107869863510132,0.9663485288619995,0.30501610040664673,0.9245703220367432,0.8934712409973145
205,0.9883263111114502,0.9992152452468872,0.038899071514606476,0.9895383715629578,0.9871209263801575,0.9110466837882996,0.9663274884223938,0.30640456080436707,0.9262135028839111,0.8921759128570557
206,0.98868727684021,0.9992666840553284,0.037858154624700546,0.9896019101142883,0.9877848029136658,0.9117323160171509,0.9664872288703918,0.3048711121082306,0.9241875410079956,0.8959782719612122
207,0.9886690974235535,0.9992581605911255,0.0378287099301815,0.9894844889640808,0.9878678321838379,0.9110259413719177,0.9664796590805054,0.30754947662353516,0.9273039698600769,0.890901505947113
208,0.988895058631897,0.999294102191925,0.03725234791636467,0.989753782749176,0.9880493879318237,0.9104233980178833,0.966468334197998,0.3078130781650543,0.9265434741973877,0.89044189453125
209,0.9891651272773743,0.9992964267730713,0.03671867400407791,0.9902582764625549,0.9880805015563965,0.9111713767051697,0.9664901494979858,0.307602196931839,0.9244838953018188,0.8944113850593567
210,0.9891365766525269,0.9992789626121521,0.03678270801901817,0.9899418950080872,0.9883450269699097,0.9111921191215515,0.9662969708442688,0.3080715537071228,0.9245421290397644,0.8943904638290405
211,0.9894170165061951,0.9993466138839722,0.03582170978188515,0.9901460409164429,0.9887028932571411,0.91008061170578,0.9660969376564026,0.3130321800708771,0.9271411895751953,0.8890212178230286
212,0.9894923567771912,0.9993457198143005,0.03575579822063446,0.990534782409668,0.9884591102600098,0.9105688333511353,0.9662370681762695,0.3120737671852112,0.926639974117279,0.8906508088111877
213,0.9895520806312561,0.9993535876274109,0.035326726734638214,0.990551233291626,0.9885628819465637,0.911514163017273,0.9661937952041626,0.309561163187027,0.925953209400177,0.8934921026229858
214,0.9896404147148132,0.9993870854377747,0.03487594053149223,0.990496814250946,0.9887962937355042,0.9109843969345093,0.9659489989280701,0.3147018849849701,0.9258713126182556,0.892426609992981
215,0.9899961948394775,0.9993643164634705,0.03446003422141075,0.9908961057662964,0.9891074895858765,0.9118154048919678,0.9661265015602112,0.3120150566101074,0.9246031641960144,0.8956857919692993
216,0.9899494647979736,0.9993933439254761,0.03425445780158043,0.9906810522079468,0.9892320036888123,0.911503791809082,0.965887188911438,0.3137461543083191,0.9262838363647461,0.8930951356887817
217,0.9898507595062256,0.9993888735771179,0.03390040993690491,0.9907404184341431,0.9889726042747498,0.911296010017395,0.9662519693374634,0.31244781613349915,0.9274007678031921,0.8913820385932922
218,0.9900195598602295,0.9994118809700012,0.033426981419324875,0.9910853505134583,0.9889622330665588,0.9130308032035828,0.9664179682731628,0.3071148991584778,0.9242453575134277,0.8987569212913513
219,0.9902350902557373,0.9994258880615234,0.032889753580093384,0.9911810755729675,0.9892994165420532,0.9128854274749756,0.9664873480796814,0.30671197175979614,0.9247154593467712,0.8979003429412842
220,0.9905025959014893,0.9994493126869202,0.0323721282184124,0.9913950562477112,0.9896209836006165,0.9119920134544373,0.9659796953201294,0.31438151001930237,0.9264511466026306,0.893972635269165
221,0.9906298518180847,0.9994717836380005,0.03185616061091423,0.9911829233169556,0.9900929927825928,0.9118985533714294,0.9659363627433777,0.31481677293777466,0.9280311465263367,0.8919878602027893
222,0.9906662106513977,0.9994750618934631,0.0319446325302124,0.9915409088134766,0.9898025393486023,0.911431074142456,0.9660651087760925,0.31531020998954773,0.9290060997009277,0.8898777961730957
223,0.990912914276123,0.9994801878929138,0.031369470059871674,0.9919129610061646,0.9899218082427979,0.912438690662384,0.9663965702056885,0.31216973066329956,0.9277223348617554,0.893513023853302
224,0.9908661842346191,0.9994698762893677,0.031142381951212883,0.9916106462478638,0.9901344776153564,0.9121789932250977,0.9661349654197693,0.31449541449546814,0.9269418120384216,0.8938263654708862
225,0.9912609457969666,0.999508261680603,0.030489355325698853,0.9920719265937805,0.9904612898826599,0.9134359955787659,0.9665870666503906,0.30862122774124146,0.9265429377555847,0.8970229029655457
226,0.991289496421814,0.9994951486587524,0.03044155053794384,0.9922360181808472,0.9903523325920105,0.9124179482460022,0.9659978747367859,0.3152104318141937,0.9264795184135437,0.8948709964752197
227,0.9912583231925964,0.9995317459106445,0.030161477625370026,0.9921945929527283,0.9903315901756287,0.9120751023292542,0.9658792018890381,0.3164336085319519,0.9272222518920898,0.8932831883430481
228,0.9914764761924744,0.9995041489601135,0.02980274334549904,0.9922184944152832,0.9907465577125549,0.9130204319953918,0.9662326574325562,0.31493455171585083,0.9269774556159973,0.8956230878829956
229,0.9917336106300354,0.9995843768119812,0.028860528022050858,0.9924423694610596,0.9910370111465454,0.9125945568084717,0.9657527804374695,0.31788572669029236,0.9260827302932739,0.8957066535949707
230,0.9916245341300964,0.9995641708374023,0.028985673561692238,0.9922923445701599,0.9909695982933044,0.9117531180381775,0.9655593633651733,0.3225812315940857,0.9288297295570374,0.8907761573791504
231,0.9918712377548218,0.999588131904602,0.028356896713376045,0.9927873015403748,0.990964412689209,0.9130412340164185,0.9657154083251953,0.3173277676105499,0.9253618717193604,0.8975033760070801
232,0.9920088648796082,0.9995380640029907,0.02840055152773857,0.9926971793174744,0.9913326501846313,0.9124075174331665,0.9656165838241577,0.31823447346687317,0.9254472255706787,0.8960200548171997
233,0.9920790195465088,0.9995549321174622,0.028306178748607635,0.9929644465446472,0.9912030100822449,0.9122621417045593,0.9652849435806274,0.32329732179641724,0.926013171672821,0.8950590491294861
234,0.9919309616088867,0.9995893836021423,0.027942541986703873,0.992777943611145,0.9910940527915955,0.9139242172241211,0.9659448862075806,0.3137892186641693,0.9222660660743713,0.9029980301856995
235,0.9921751022338867,0.9996165037155151,0.02726738341152668,0.9929043650627136,0.9914571642875671,0.912937343120575,0.965973436832428,0.31875017285346985,0.9262089729309082,0.8963125348091125
236,0.992336094379425,0.9995890259742737,0.027125803753733635,0.9929527044296265,0.9917320609092712,0.9131970405578613,0.9660875201225281,0.3183317482471466,0.9271705150604248,0.8957902193069458
237,0.9924426078796387,0.9996076226234436,0.026967231184244156,0.993225634098053,0.9916698336601257,0.9125737547874451,0.9656469225883484,0.32286930084228516,0.9282070398330688,0.8932623267173767
238,0.9925620555877686,0.9996237754821777,0.026655131950974464,0.993242621421814,0.9918928742408752,0.9133321046829224,0.9656611680984497,0.32214266061782837,0.9271540641784668,0.8961036205291748
239,0.9926685690879822,0.999629557132721,0.02614375203847885,0.9932799339294434,0.9920691847801208,0.9129165410995483,0.9654005169868469,0.3248569667339325,0.9266294836997986,0.8957902193069458
240,0.9926347732543945,0.9996293783187866,0.025983477011322975,0.993346095085144,0.9919343590736389,0.9144436120986938,0.9659320712089539,0.3184906244277954,0.9257063269615173,0.9001775979995728
241,0.9925984144210815,0.9996365308761597,0.02575308457016945,0.9932380318641663,0.9919706583023071,0.9141008257865906,0.9659922122955322,0.3192029297351837,0.9259833097457886,0.8991121053695679
242,0.9927853941917419,0.9996230602264404,0.025634393095970154,0.9934300780296326,0.992152214050293,0.9148902893066406,0.9664744734764099,0.314980685710907,0.9253184199333191,0.9015982747077942
243,0.9927204847335815,0.9996410608291626,0.0253768153488636,0.9932652711868286,0.9921885132789612,0.9138099551200867,0.965613603591919,0.32438066601753235,0.9264160990715027,0.8979839086532593
244,0.9927360415458679,0.9996424913406372,0.02556265890598297,0.9934858679771423,0.9919965863227844,0.9137372374534607,0.9656161665916443,0.32470938563346863,0.9277512431144714,0.8963125348091125
245,0.9931308031082153,0.9996753931045532,0.02458549290895462,0.9937319159507751,0.9925411939620972,0.9139449596405029,0.965645968914032,0.3236500918865204,0.9262162446975708,0.898506224155426
246,0.9931879639625549,0.9996713995933533,0.024530766531825066,0.9936608076095581,0.9927279353141785,0.9139138460159302,0.9653626680374146,0.3271196484565735,0.9279627799987793,0.8964588046073914
247,0.9931931495666504,0.9996888637542725,0.024018704891204834,0.9938249588012695,0.9925723671913147,0.9137579798698425,0.9654799699783325,0.32737457752227783,0.9279024004936218,0.8961871862411499
248,0.9931671619415283,0.9996935725212097,0.023970089852809906,0.993881106376648,0.9924634099006653,0.9143916964530945,0.9657257199287415,0.32389113306999207,0.927314281463623,0.8982346057891846
249,0.993200957775116,0.9996770620346069,0.02379259094595909,0.993794322013855,0.9926190376281738,0.9153369665145874,0.9658675789833069,0.3203398883342743,0.9230310320854187,0.9052125811576843
