epoch,auc,dice,loss,precision,recall,val_auc,val_dice,val_loss,val_precision,val_recall
0,0.49909326434135437,0.35370755195617676,0.8556051850318909,0.3018684387207031,0.48242905735969543,0.4996453523635864,0.37059468030929565,0.9449040293693542,0.3001148998737335,0.7834869027137756
1,0.4989990293979645,0.3545728325843811,0.8271762132644653,0.30177587270736694,0.47079673409461975,0.49964073300361633,0.3705333173274994,0.8750381469726562,0.3001163899898529,0.7309772968292236
2,0.49914631247520447,0.3553315997123718,0.8051589727401733,0.30187100172042847,0.456820547580719,0.49977225065231323,0.3705417513847351,0.830134928226471,0.30021533370018005,0.6842227578163147
3,0.49943217635154724,0.3560257852077484,0.7870327234268188,0.3020577132701874,0.4409955143928528,0.4999780058860779,0.37063610553741455,0.8000105619430542,0.3003968894481659,0.6425106525421143
4,0.4994644224643707,0.3565657138824463,0.7718115448951721,0.3020828068256378,0.42347025871276855,0.5001978278160095,0.3707679510116577,0.7782748937606812,0.30054914951324463,0.6045331358909607
5,0.49959585070610046,0.35703933238983154,0.7584275603294373,0.302183598279953,0.40473705530166626,0.5004080533981323,0.37088242173194885,0.7613188624382019,0.30071476101875305,0.5690126419067383
6,0.4997994601726532,0.3574637472629547,0.7463244795799255,0.3023345470428467,0.38480427861213684,0.5005981922149658,0.37099722027778625,0.7480289936065674,0.30086976289749146,0.5370584726333618
7,0.49991574883461,0.35779884457588196,0.7353675365447998,0.3025002181529999,0.3635782301425934,0.5007835030555725,0.371091365814209,0.7369523048400879,0.30101680755615234,0.5072930455207825
8,0.5000110268592834,0.35807549953460693,0.7253041863441467,0.3025817275047302,0.34119948744773865,0.5009412169456482,0.37116897106170654,0.7275869250297546,0.3011561632156372,0.4792623519897461
9,0.5000792145729065,0.3583392798900604,0.7160170078277588,0.30269214510917664,0.31796446442604065,0.5010713934898376,0.37121957540512085,0.7191841006278992,0.301278680562973,0.4512650668621063
10,0.5001626014709473,0.35858696699142456,0.7074509263038635,0.302778959274292,0.2941286563873291,0.501181960105896,0.37124061584472656,0.7113006114959717,0.30134323239326477,0.42172256112098694
11,0.5001912713050842,0.3588534891605377,0.6996103525161743,0.30290910601615906,0.27020055055618286,0.5012806057929993,0.37124672532081604,0.7039510011672974,0.3013772964477539,0.39178863167762756
12,0.500232994556427,0.3591763973236084,0.6924576759338379,0.30301401019096375,0.24647420644760132,0.5013334155082703,0.37121009826660156,0.6963971853256226,0.30141204595565796,0.3588607907295227
13,0.5002915859222412,0.359555184841156,0.6859807968139648,0.30315253138542175,0.22366267442703247,0.501414954662323,0.37122100591659546,0.6899388432502747,0.3015129268169403,0.32943999767303467
14,0.5003622770309448,0.3600248694419861,0.6801791191101074,0.3032640218734741,0.20195817947387695,0.5014681816101074,0.3712259829044342,0.6833747029304504,0.30157411098480225,0.29844504594802856
15,0.5003225207328796,0.36057624220848083,0.6750155091285706,0.303323894739151,0.1816369593143463,0.5015166997909546,0.37126412987709045,0.6774111986160278,0.3016590178012848,0.26965051889419556
16,0.5004439949989319,0.3612390160560608,0.6703809499740601,0.3034202754497528,0.16312938928604126,0.5015857219696045,0.3713361620903015,0.6718444228172302,0.30174416303634644,0.2421567142009735
17,0.5004773139953613,0.36198052763938904,0.6662945747375488,0.3036104142665863,0.1464487761259079,0.5016582608222961,0.37145906686782837,0.6670666933059692,0.30187496542930603,0.21835197508335114
18,0.500536322593689,0.36280059814453125,0.6626706123352051,0.3038281202316284,0.1317431479692459,0.5017340779304504,0.37160247564315796,0.662387490272522,0.30206191539764404,0.1946924924850464
19,0.5007266998291016,0.36365967988967896,0.6593834161758423,0.3040064871311188,0.11877597868442535,0.5017797946929932,0.37177324295043945,0.6580265760421753,0.3022930324077606,0.17247112095355988
20,0.500677227973938,0.3644762337207794,0.6565477848052979,0.3040411174297333,0.10740496963262558,0.5018430948257446,0.3719789385795593,0.6542549133300781,0.30242919921875,0.15301834046840668
21,0.5007322430610657,0.3653161823749542,0.6539309024810791,0.30410847067832947,0.09760691970586777,0.501900851726532,0.3722025454044342,0.6508368849754333,0.3025975823402405,0.13531875610351562
22,0.5007798075675964,0.3661232590675354,0.6515785455703735,0.30412206053733826,0.08916927129030228,0.5019881129264832,0.3724413216114044,0.6480807065963745,0.3027234673500061,0.12096663564443588
23,0.500899612903595,0.36692729592323303,0.649381697177887,0.3044886291027069,0.08184793591499329,0.502038300037384,0.3726816773414612,0.6456233263015747,0.3027726709842682,0.10813397914171219
24,0.5009439587593079,0.367654949426651,0.6473757028579712,0.30458489060401917,0.07529202103614807,0.5021032691001892,0.3729201555252075,0.6435462236404419,0.30282261967658997,0.09731077402830124
25,0.5009209513664246,0.36834558844566345,0.6455678939819336,0.30461356043815613,0.06943284720182419,0.5021501183509827,0.3731716275215149,0.6411902904510498,0.30297213792800903,0.08516987413167953
26,0.5010132193565369,0.36898547410964966,0.6438353657722473,0.3046128749847412,0.06408639252185822,0.502241849899292,0.37339308857917786,0.6398191452026367,0.3030129373073578,0.07806102931499481
0,0.4997289478778839,0.35274752974510193,0.6472533941268921,0.30228886008262634,0.5286369323730469,0.4990415573120117,0.36070552468299866,0.6392942070960999,0.2989792227745056,0.3422718942165375
1,0.4998115301132202,0.3546445667743683,0.6453558206558228,0.30233949422836304,0.5393995046615601,0.49932578206062317,0.36238986253738403,0.6376097202301025,0.2995222508907318,0.3957679569721222
2,0.5002512335777283,0.3565056025981903,0.6434940695762634,0.3026137948036194,0.5508464574813843,0.499609112739563,0.3644067347049713,0.6355934739112854,0.29987889528274536,0.4510270655155182
3,0.5003753900527954,0.358171671628952,0.6418274641036987,0.3026670217514038,0.5627864599227905,0.49989062547683716,0.36638084053993225,0.6336190104484558,0.30018383264541626,0.5040773153305054
4,0.500673770904541,0.35977572202682495,0.6402243971824646,0.3028244376182556,0.5756750106811523,0.5001624226570129,0.3681309223175049,0.6318690776824951,0.30044251680374146,0.5541148781776428
5,0.5008615851402283,0.36120352149009705,0.6387963891029358,0.30290207266807556,0.5891796946525574,0.5004234313964844,0.36958983540534973,0.6304100751876831,0.30059289932250977,0.5990593433380127
6,0.5009879469871521,0.36251839995384216,0.6374812126159668,0.30294138193130493,0.6036145091056824,0.500668466091156,0.37076687812805176,0.6292334198951721,0.3007233440876007,0.6384456753730774
7,0.5012996196746826,0.36375173926353455,0.6362485885620117,0.303096741437912,0.6189121603965759,0.500896692276001,0.37170925736427307,0.6282909512519836,0.30083680152893066,0.6731665730476379
8,0.5014504790306091,0.3648601472377777,0.6351402997970581,0.3031500577926636,0.634845495223999,0.5011179447174072,0.372493177652359,0.627506673336029,0.30093473196029663,0.7050250768661499
9,0.5015069842338562,0.3658796548843384,0.6341208815574646,0.3031747341156006,0.6514552235603333,0.5013269782066345,0.3731398284435272,0.6268598437309265,0.3009900450706482,0.7332756519317627
10,0.5017654895782471,0.36684650182724,0.6331530809402466,0.3032669723033905,0.6683380007743835,0.5015190839767456,0.3736877739429474,0.6263126134872437,0.3010401725769043,0.758717954158783
11,0.5019513964653015,0.3677508234977722,0.632249116897583,0.30329909920692444,0.6859457492828369,0.5016886591911316,0.3741554319858551,0.6258447766304016,0.30108746886253357,0.7819430232048035
12,0.5021224021911621,0.36858975887298584,0.6314107775688171,0.30332618951797485,0.7034313678741455,0.5018386840820312,0.3745509088039398,0.6254492998123169,0.3010975122451782,0.8017585873603821
13,0.5022655725479126,0.36935821175575256,0.6306418180465698,0.303365558385849,0.7213168740272522,0.5019815564155579,0.37491628527641296,0.6250836849212646,0.301106333732605,0.8213983178138733
14,0.5021975636482239,0.370059609413147,0.6299406886100769,0.30331483483314514,0.7387821078300476,0.5021162629127502,0.3752361536026001,0.6247639060020447,0.3010864555835724,0.8390007019042969
15,0.5025252103805542,0.37076514959335327,0.629235029220581,0.30335769057273865,0.7566881775856018,0.502219557762146,0.3755209147930145,0.6244789958000183,0.3010695278644562,0.8549934029579163
16,0.502506673336029,0.3713693618774414,0.6286302804946899,0.30331292748451233,0.773780345916748,0.5023206472396851,0.3757829964160919,0.6242173314094543,0.30106136202812195,0.8708544373512268
17,0.5027647614479065,0.3719724416732788,0.6280270218849182,0.3033555746078491,0.7907820343971252,0.5023983120918274,0.376016765832901,0.6239830255508423,0.3010428547859192,0.8853655457496643
18,0.5028353929519653,0.3725045919418335,0.6274949312210083,0.30330926179885864,0.8069369792938232,0.5024651288986206,0.37622636556625366,0.6237730383872986,0.3010109066963196,0.8983246684074402
19,0.5029972195625305,0.372990220785141,0.6270098090171814,0.30328595638275146,0.8218948841094971,0.5025293827056885,0.3764137625694275,0.6235863566398621,0.3009672164916992,0.9105035662651062
20,0.5029841661453247,0.3734344244003296,0.6265659928321838,0.30326759815216064,0.8363527059555054,0.5025799870491028,0.37658146023750305,0.6234189867973328,0.3009323477745056,0.9209694862365723
21,0.5031285881996155,0.37383973598480225,0.6261597275733948,0.30323612689971924,0.8495767712593079,0.5026169419288635,0.37672924995422363,0.6232710480690002,0.30089735984802246,0.9298039674758911
22,0.5029613375663757,0.37419167160987854,0.6258084774017334,0.30314910411834717,0.8617041707038879,0.5026428699493408,0.37686342000961304,0.623136579990387,0.30086392164230347,0.9366723895072937
23,0.5031293034553528,0.37453314661979675,0.6254674792289734,0.3031284213066101,0.8729251027107239,0.502686619758606,0.37699052691459656,0.6230099201202393,0.30082830786705017,0.944281280040741
24,0.5031854510307312,0.3748292326927185,0.6251711845397949,0.30310070514678955,0.8826464414596558,0.5027231574058533,0.37711000442504883,0.622890293598175,0.300792932510376,0.9498943090438843
25,0.5032371282577515,0.37510985136032104,0.6248897910118103,0.30308690667152405,0.8913064002990723,0.5027511715888977,0.37722063064575195,0.6227789521217346,0.30077117681503296,0.9550377130508423
26,0.5033359527587891,0.37537944316864014,0.6246206164360046,0.30308014154434204,0.8989843726158142,0.5027947425842285,0.3773309886455536,0.6226691007614136,0.300758421421051,0.9591824412345886
27,0.5033627152442932,0.37560877203941345,0.6243908405303955,0.3030458688735962,0.9053043723106384,0.5028214454650879,0.37743812799453735,0.6225619316101074,0.30074527859687805,0.962535560131073
28,0.5033891201019287,0.3758331537246704,0.6241668462753296,0.3030105531215668,0.9109715223312378,0.5028411746025085,0.3775472640991211,0.6224527359008789,0.3007339835166931,0.9648988842964172
29,0.5033771395683289,0.3760434091091156,0.6239566206932068,0.302990198135376,0.9159621596336365,0.5028772950172424,0.37765398621559143,0.622346043586731,0.3007265627384186,0.9669701457023621
30,0.5035201907157898,0.3762515187263489,0.6237483024597168,0.302989661693573,0.9203048348426819,0.5029231309890747,0.3777589201927185,0.6222414374351501,0.3007165193557739,0.9692005515098572
31,0.5035617351531982,0.37643834948539734,0.6235617995262146,0.30296728014945984,0.923666775226593,0.5029705166816711,0.37786293029785156,0.6221373081207275,0.3007063567638397,0.9711155295372009
32,0.5035650134086609,0.3766193389892578,0.623380720615387,0.3029463291168213,0.9267721772193909,0.5030266046524048,0.37796905636787415,0.6220309734344482,0.30070140957832336,0.9722976088523865
33,0.5036371350288391,0.3768000900745392,0.6232003569602966,0.302941232919693,0.9293412566184998,0.5030707716941833,0.37806472182273865,0.621935248374939,0.3006957769393921,0.9739691019058228
34,0.5036814212799072,0.37698042392730713,0.6230196952819824,0.30295076966285706,0.9317598342895508,0.5031214952468872,0.3781691789627075,0.6218303442001343,0.3006915748119354,0.9746037125587463
35,0.5037072896957397,0.3771372139453888,0.6228622794151306,0.30293795466423035,0.9337599873542786,0.503185510635376,0.37826547026634216,0.6217347979545593,0.30068808794021606,0.9754635691642761
36,0.5037388205528259,0.3773016333580017,0.6226985454559326,0.3029230237007141,0.9358077645301819,0.503247082233429,0.37835952639579773,0.6216405630111694,0.30068591237068176,0.9764041304588318
37,0.5038584470748901,0.37746334075927734,0.62253737449646,0.30292555689811707,0.937454879283905,0.5033166408538818,0.37844860553741455,0.621551513671875,0.30068203806877136,0.9773138761520386
38,0.503892183303833,0.3776165246963501,0.6223835945129395,0.30292028188705444,0.9390934705734253,0.5033776164054871,0.37853601574897766,0.6214637756347656,0.3006823658943176,0.9777032136917114
39,0.5039520263671875,0.37776151299476624,0.6222377419471741,0.3029133379459381,0.940617024898529,0.5034486055374146,0.3786216378211975,0.6213784217834473,0.30068057775497437,0.9778717160224915
40,0.5040080547332764,0.3779085576534271,0.6220912337303162,0.30292272567749023,0.9418805837631226,0.5035172700881958,0.37869954109191895,0.6213006377220154,0.30068039894104004,0.9784730076789856
41,0.5041024088859558,0.3780475854873657,0.6219516396522522,0.30291256308555603,0.9432881474494934,0.503578245639801,0.3787737190723419,0.6212260723114014,0.30067914724349976,0.978906512260437
42,0.5040712356567383,0.37817850708961487,0.6218217611312866,0.3029077649116516,0.9446099996566772,0.5036718249320984,0.378844678401947,0.6211552023887634,0.3006773889064789,0.9797780513763428
43,0.5042415857315063,0.3783165216445923,0.6216837763786316,0.30291104316711426,0.945900022983551,0.5037545561790466,0.3789125680923462,0.6210871338844299,0.30067679286003113,0.9799953103065491
44,0.5042207837104797,0.3784294128417969,0.6215706467628479,0.3028993308544159,0.9468905925750732,0.5038396716117859,0.37897616624832153,0.6210237741470337,0.3006740212440491,0.9807339906692505
45,0.5044514536857605,0.3785657286643982,0.6214345693588257,0.3029059171676636,0.9480988383293152,0.5039339661598206,0.37903663516044617,0.6209630966186523,0.3006705939769745,0.9818017482757568
46,0.5044100880622864,0.3786791265010834,0.6213217973709106,0.3029131293296814,0.9492647647857666,0.5039995908737183,0.3790954649448395,0.6209052205085754,0.3006696403026581,0.9818810820579529
47,0.504437267780304,0.3787866234779358,0.6212132573127747,0.30290544033050537,0.9506117701530457,0.5040984153747559,0.37915000319480896,0.6208499073982239,0.3006688952445984,0.9824252724647522
48,0.5045749545097351,0.3789012134075165,0.6210987567901611,0.30290502309799194,0.9517092108726501,0.5041828751564026,0.37920159101486206,0.6207985281944275,0.30066636204719543,0.9829612970352173
49,0.5045303702354431,0.378997266292572,0.6210018992424011,0.3029027581214905,0.9527662992477417,0.5042592883110046,0.37925010919570923,0.6207498908042908,0.3006665110588074,0.9831051826477051
50,0.5046454668045044,0.37910163402557373,0.620898425579071,0.30289319157600403,0.9540377259254456,0.5043826699256897,0.3792980909347534,0.6207021474838257,0.3006645143032074,0.9842063188552856
51,0.5046889781951904,0.37919580936431885,0.6208046078681946,0.30289965867996216,0.9549798369407654,0.5044522285461426,0.379340797662735,0.6206590533256531,0.30066102743148804,0.984434962272644
52,0.5049103498458862,0.3793000876903534,0.620701014995575,0.30289584398269653,0.9561551213264465,0.5045526623725891,0.3793831765651703,0.6206167340278625,0.3006580173969269,0.9851483106613159
53,0.5049819946289062,0.379393070936203,0.6206061840057373,0.30291205644607544,0.9573758840560913,0.5046492218971252,0.3794240653514862,0.6205764412879944,0.30065104365348816,0.9858274459838867
54,0.5051226615905762,0.3794836699962616,0.6205159425735474,0.3029126226902008,0.9584987759590149,0.5047469139099121,0.37946197390556335,0.6205384135246277,0.3006487786769867,0.9862422347068787
55,0.5050468444824219,0.3795603811740875,0.6204391717910767,0.3028976321220398,0.9595645070075989,0.5048341751098633,0.37949785590171814,0.6205024123191833,0.30064696073532104,0.986643373966217
56,0.5050704479217529,0.37964263558387756,0.6203576326370239,0.3028980791568756,0.9607160091400146,0.5049440860748291,0.37953290343284607,0.6204668283462524,0.30064210295677185,0.9874342083930969
57,0.505327045917511,0.37972283363342285,0.6202768683433533,0.3028976023197174,0.9618066549301147,0.5050336718559265,0.3795652389526367,0.6204348802566528,0.30063897371292114,0.9879662990570068
58,0.5052806735038757,0.37979763746261597,0.6202020645141602,0.30288973450660706,0.9627641439437866,0.5051308870315552,0.37959665060043335,0.6204032897949219,0.3006340265274048,0.9884418845176697
59,0.5054272413253784,0.37987595796585083,0.6201245188713074,0.3028944432735443,0.9638334512710571,0.5052183270454407,0.3796252906322479,0.6203746199607849,0.3006307780742645,0.9887857437133789
60,0.5054985880851746,0.3799416124820709,0.6200588941574097,0.3028973937034607,0.9649956226348877,0.5053110718727112,0.37965288758277893,0.6203466057777405,0.30062875151634216,0.9891229271888733
61,0.5055297613143921,0.3800094425678253,0.6199891567230225,0.3028843402862549,0.9659451842308044,0.5053960084915161,0.37967920303344727,0.6203209161758423,0.30062246322631836,0.9897071123123169
62,0.5056838989257812,0.38007739186286926,0.6199215054512024,0.30288460850715637,0.9670144319534302,0.5054981112480164,0.37970346212387085,0.6202967762947083,0.30062201619148254,0.9898410439491272
63,0.5056600570678711,0.3801313042640686,0.6198685765266418,0.30288392305374146,0.9677929282188416,0.5056097507476807,0.37972983717918396,0.6202702522277832,0.300619900226593,0.9907211065292358
64,0.5058196187019348,0.38019874691963196,0.6198004484176636,0.3028884828090668,0.9689624309539795,0.5057170987129211,0.3797529935836792,0.6202468276023865,0.3006172478199005,0.9912391304969788
65,0.5059003233909607,0.38025638461112976,0.6197437047958374,0.30289143323898315,0.9696969985961914,0.5057747960090637,0.3797733783721924,0.6202266812324524,0.3006165623664856,0.9913656115531921
66,0.506009578704834,0.3803142011165619,0.6196856498718262,0.30289027094841003,0.970757246017456,0.5058521628379822,0.3797937333583832,0.6202065944671631,0.3006128668785095,0.9916553497314453
67,0.5060563087463379,0.38036367297172546,0.6196359395980835,0.30288368463516235,0.9716442227363586,0.5059451460838318,0.3798135817050934,0.6201868057250977,0.3006097972393036,0.9920485615730286
68,0.5061297416687012,0.38041549921035767,0.619584858417511,0.30287760496139526,0.9724410772323608,0.5060372352600098,0.3798322081565857,0.6201677322387695,0.3006093204021454,0.9924384951591492
69,0.5061866044998169,0.3804626762866974,0.6195371747016907,0.3028775155544281,0.9733972549438477,0.5061478018760681,0.3798529803752899,0.6201474070549011,0.3006044328212738,0.9931126236915588
70,0.5062761306762695,0.38050803542137146,0.6194918155670166,0.3028782904148102,0.9743382334709167,0.5062434673309326,0.3798692226409912,0.620131254196167,0.3006047010421753,0.9932484030723572
71,0.5063523054122925,0.3805609941482544,0.6194390654563904,0.3028845489025116,0.9750490784645081,0.5063285827636719,0.37988248467445374,0.6201173663139343,0.30060669779777527,0.9931859374046326
72,0.5065311193466187,0.38060587644577026,0.6193946599960327,0.30287808179855347,0.9756214618682861,0.5064372420310974,0.37990009784698486,0.6201006174087524,0.3006012737751007,0.9936954379081726
73,0.5065216422080994,0.38063931465148926,0.6193609237670898,0.3028741478919983,0.97639000415802,0.5065112113952637,0.37991267442703247,0.6200873851776123,0.30060192942619324,0.9938008785247803
74,0.5065692663192749,0.38067883253097534,0.6193212866783142,0.3028683066368103,0.977022111415863,0.5065958499908447,0.37992700934410095,0.6200732588768005,0.3005983829498291,0.9941143989562988
75,0.5066974759101868,0.38072076439857483,0.619278609752655,0.3028716444969177,0.9777111411094666,0.5066649317741394,0.3799384832382202,0.6200613379478455,0.30059826374053955,0.9941815733909607
76,0.506891667842865,0.3807625472545624,0.6192376017570496,0.3028712272644043,0.9785686731338501,0.5067452788352966,0.37995004653930664,0.620049774646759,0.3005979359149933,0.9942926168441772
77,0.5068287253379822,0.3807927370071411,0.6192070841789246,0.3028672933578491,0.9790448546409607,0.506824254989624,0.37996336817741394,0.6200367212295532,0.3005942106246948,0.9945999979972839
78,0.5070262551307678,0.380830854177475,0.6191694140434265,0.30286237597465515,0.9796499013900757,0.5069093108177185,0.3799779415130615,0.6200222373008728,0.3005881607532501,0.9950488805770874
79,0.5069599151611328,0.3808589279651642,0.6191415786743164,0.3028601109981537,0.9803566932678223,0.5070026516914368,0.3799894154071808,0.6200109720230103,0.30058780312538147,0.9952561855316162
80,0.5069852471351624,0.38088762760162354,0.6191121339797974,0.3028516173362732,0.9808173775672913,0.5071023106575012,0.3800017833709717,0.6199980974197388,0.3005870580673218,0.9954856038093567
81,0.5072008371353149,0.38092389702796936,0.6190761923789978,0.3028627336025238,0.9813055396080017,0.5071850419044495,0.38001352548599243,0.6199866533279419,0.30058524012565613,0.9957583546638489
82,0.507241427898407,0.38095420598983765,0.6190458536148071,0.30287227034568787,0.9818886518478394,0.5072585940361023,0.38002249598503113,0.619977593421936,0.30058470368385315,0.995867908000946
83,0.5073168277740479,0.3809814751148224,0.6190195083618164,0.30285847187042236,0.9823848009109497,0.5073191523551941,0.38003331422805786,0.6199663877487183,0.30058249831199646,0.9961411952972412
84,0.5074552893638611,0.38101592659950256,0.6189842820167542,0.3028716742992401,0.9828484058380127,0.5073741674423218,0.38003838062286377,0.6199617981910706,0.30058369040489197,0.9960296154022217
85,0.5074631571769714,0.3810363709926605,0.6189635992050171,0.3028583228588104,0.9832952618598938,0.5074706673622131,0.3800504803657532,0.619949460029602,0.30058062076568604,0.9963898062705994
86,0.5075758695602417,0.3810604512691498,0.6189395785331726,0.30286067724227905,0.983606219291687,0.5075072646141052,0.3800579607486725,0.6199423670768738,0.30057957768440247,0.9965351819992065
87,0.5076219439506531,0.3810822069644928,0.6189179420471191,0.30285489559173584,0.9840678572654724,0.5075674653053284,0.38006430864334106,0.6199359893798828,0.3005806505680084,0.9965395331382751
88,0.5076010227203369,0.3811035752296448,0.6188960075378418,0.3028556704521179,0.9845544695854187,0.5076490044593811,0.3800745904445648,0.6199252605438232,0.3005785048007965,0.9967800378799438
89,0.5078237652778625,0.38113072514533997,0.618869423866272,0.30285194516181946,0.9848808646202087,0.5077137351036072,0.3800818622112274,0.6199184060096741,0.3005778193473816,0.9968621730804443
90,0.507886528968811,0.38115227222442627,0.6188469529151917,0.30285385251045227,0.9852479100227356,0.5077779293060303,0.3800917863845825,0.6199084520339966,0.30057448148727417,0.997113049030304
91,0.5078507661819458,0.38117146492004395,0.6188284158706665,0.3028593063354492,0.9854971766471863,0.507824182510376,0.3800964653491974,0.6199039220809937,0.3005756735801697,0.9970963597297668
92,0.5078982710838318,0.3811892867088318,0.6188114285469055,0.3028537929058075,0.9858554601669312,0.5078670382499695,0.38010165095329285,0.6198984384536743,0.30057546496391296,0.9971408247947693
93,0.5080878138542175,0.3812142014503479,0.6187859773635864,0.30285927653312683,0.9861056804656982,0.5079308748245239,0.3801085650920868,0.6198912262916565,0.3005736768245697,0.9972748160362244
94,0.5081040859222412,0.3812316954135895,0.6187685132026672,0.3028545081615448,0.9864645600318909,0.50801020860672,0.38011232018470764,0.6198872923851013,0.3005754053592682,0.9972437620162964
95,0.5082792639732361,0.38124844431877136,0.6187512278556824,0.30285683274269104,0.9867698550224304,0.508063554763794,0.38011789321899414,0.6198824048042297,0.3005751967430115,0.9972867369651794
96,0.508239209651947,0.381265252828598,0.6187347769737244,0.3028571903705597,0.9868781566619873,0.5081188082695007,0.38012364506721497,0.6198767423629761,0.30057448148727417,0.9973813891410828
97,0.5082610845565796,0.38127899169921875,0.618720531463623,0.30285778641700745,0.9871337413787842,0.508190929889679,0.3801300525665283,0.6198704838752747,0.30057236552238464,0.9974695444107056
98,0.5082910060882568,0.3812934160232544,0.6187072992324829,0.30285924673080444,0.9873688220977783,0.5082427263259888,0.3801354467868805,0.6198647618293762,0.3005708158016205,0.9975736141204834
99,0.5083929896354675,0.3813078999519348,0.6186929941177368,0.30285099148750305,0.9876927733421326,0.508298933506012,0.38013920187950134,0.6198609471321106,0.30057066679000854,0.9975813031196594
100,0.5084323883056641,0.3813233971595764,0.6186779737472534,0.30286118388175964,0.9878007173538208,0.5083490014076233,0.3801442086696625,0.6198562979698181,0.30056917667388916,0.9976434111595154
101,0.5085858702659607,0.3813419044017792,0.6186581254005432,0.3028596341609955,0.9879015684127808,0.5084134340286255,0.38015180826187134,0.6198481321334839,0.3005671203136444,0.9978026747703552
102,0.5084777474403381,0.3813478350639343,0.6186526417732239,0.3028562664985657,0.9881541728973389,0.5084490180015564,0.380156546831131,0.6198431849479675,0.30056673288345337,0.9978812336921692
103,0.508621871471405,0.38136470317840576,0.6186350584030151,0.3028583824634552,0.9880907535552979,0.5084847807884216,0.38016295433044434,0.6198367476463318,0.3005644679069519,0.9980237483978271
104,0.5086974501609802,0.3813798427581787,0.6186202168464661,0.3028661906719208,0.9883437156677246,0.5085288882255554,0.3801650404930115,0.6198349595069885,0.3005656599998474,0.9979681372642517
105,0.5087438225746155,0.3813876211643219,0.6186127066612244,0.3028719127178192,0.9883826971054077,0.5085504651069641,0.38016462326049805,0.6198350191116333,0.30056899785995483,0.9978654980659485
106,0.5088027715682983,0.38140204548835754,0.6185970902442932,0.30285805463790894,0.9886242151260376,0.508601725101471,0.3801705837249756,0.6198297739028931,0.30056604743003845,0.9979841709136963
107,0.5087452530860901,0.38140666484832764,0.6185929775238037,0.3028590679168701,0.9886714816093445,0.5086590647697449,0.3801775276660919,0.6198225617408752,0.3005623519420624,0.9981300830841064
108,0.508860170841217,0.38142240047454834,0.6185765862464905,0.3028675317764282,0.9888666868209839,0.5086850523948669,0.3801814317703247,0.6198182106018066,0.30056145787239075,0.9981804490089417
109,0.5089547634124756,0.38143640756607056,0.6185634732246399,0.30286675691604614,0.9889521598815918,0.5087200403213501,0.3801845610141754,0.6198153495788574,0.3005613088607788,0.9981974959373474
110,0.5089635252952576,0.38144269585609436,0.6185575723648071,0.30286210775375366,0.9889872074127197,0.5087669491767883,0.3801913261413574,0.6198087334632874,0.3005579710006714,0.9983569383621216
111,0.5089820027351379,0.3814546763896942,0.6185447573661804,0.30287185311317444,0.989127516746521,0.5088188648223877,0.3801930248737335,0.6198065876960754,0.3005583584308624,0.9983115792274475
112,0.5089963674545288,0.3814622163772583,0.6185365319252014,0.30287036299705505,0.9892928600311279,0.5088520050048828,0.38019588589668274,0.6198044419288635,0.30055952072143555,0.9982880353927612
113,0.5090894103050232,0.3814713954925537,0.6185289621353149,0.30287644267082214,0.9892687201499939,0.5088896751403809,0.38020122051239014,0.6197989583015442,0.3005569577217102,0.9984129667282104
114,0.5091233253479004,0.38148030638694763,0.618519127368927,0.30286818742752075,0.989377498626709,0.5089427828788757,0.3802058696746826,0.619794487953186,0.30055561661720276,0.9984744787216187
115,0.509225606918335,0.3814907371997833,0.6185092329978943,0.302878737449646,0.9893961548805237,0.5089703798294067,0.38020801544189453,0.619792103767395,0.3005564510822296,0.9984569549560547
116,0.5092821717262268,0.38149702548980713,0.6185032725334167,0.3028852641582489,0.9894330501556396,0.5090099573135376,0.38021036982536316,0.6197896599769592,0.30055737495422363,0.9984490275382996
117,0.5092353224754333,0.38150474429130554,0.6184951066970825,0.3028874099254608,0.9894282817840576,0.5090623497962952,0.3802163600921631,0.6197835206985474,0.30055442452430725,0.9985666275024414
118,0.5092501044273376,0.3815120458602905,0.6184878349304199,0.30288469791412354,0.9893830418586731,0.5090560913085938,0.3802146911621094,0.6197853088378906,0.30055758357048035,0.998467206954956
119,0.5093750357627869,0.3815193176269531,0.6184812188148499,0.30288413166999817,0.9895076751708984,0.509110689163208,0.3802174925804138,0.6197823882102966,0.300557941198349,0.9984782338142395
120,0.5093164443969727,0.3815261721611023,0.6184744238853455,0.302884578704834,0.9894853234291077,0.5091221332550049,0.38022229075431824,0.6197775602340698,0.30055561661720276,0.9985841512680054
121,0.5092287063598633,0.3815302550792694,0.6184697151184082,0.3028911054134369,0.9895440340042114,0.509140133857727,0.38022375106811523,0.61977618932724,0.3005559742450714,0.9985767006874084
122,0.5095565915107727,0.3815420866012573,0.6184573769569397,0.30289342999458313,0.9894620776176453,0.5091657638549805,0.3802269697189331,0.6197726130485535,0.30055421590805054,0.9986188411712646
123,0.5093891620635986,0.38154494762420654,0.6184549927711487,0.30289268493652344,0.9896374344825745,0.5091936588287354,0.38022732734680176,0.6197729110717773,0.3005567491054535,0.9985665082931519
124,0.5094774961471558,0.38155397772789,0.6184461712837219,0.30289360880851746,0.9896076321601868,0.5092402696609497,0.3802293837070465,0.6197707056999207,0.3005572259426117,0.9985718727111816
125,0.5095272660255432,0.3815571665763855,0.61844402551651,0.30290237069129944,0.9895493984222412,0.5092591643333435,0.38023123145103455,0.6197686791419983,0.30055728554725647,0.9985684752464294
126,0.5095683336257935,0.381563663482666,0.6184358596801758,0.30289921164512634,0.9895424246788025,0.5092993378639221,0.38023585081100464,0.6197640895843506,0.30055564641952515,0.9986459612846375
127,0.5095941424369812,0.381568968296051,0.6184309720993042,0.3029114603996277,0.989532470703125,0.5092978477478027,0.3802355229854584,0.6197643280029297,0.3005572259426117,0.998611569404602
128,0.5095874071121216,0.381572961807251,0.6184269189834595,0.30290907621383667,0.9894827008247375,0.5093257427215576,0.38023829460144043,0.6197618246078491,0.3005562424659729,0.9986519813537598
129,0.5096479058265686,0.3815813660621643,0.6184192299842834,0.30290910601615906,0.9895241260528564,0.5093527436256409,0.38024279475212097,0.6197577118873596,0.3005545139312744,0.9987106323242188
130,0.5096970200538635,0.38158708810806274,0.6184136867523193,0.3029116690158844,0.9896136522293091,0.5094005465507507,0.38024383783340454,0.6197562217712402,0.3005548417568207,0.9987173080444336
131,0.5097806453704834,0.3815903961658478,0.6184095740318298,0.30292680859565735,0.9893380403518677,0.5094044804573059,0.38024386763572693,0.6197560429573059,0.3005563020706177,0.9986712336540222
132,0.5098057985305786,0.3815983235836029,0.6184024214744568,0.3029158115386963,0.9895684123039246,0.5094437599182129,0.38024577498435974,0.6197541952133179,0.3005574643611908,0.998671293258667
133,0.5097717046737671,0.3815988600254059,0.6184009313583374,0.3029242753982544,0.9894509315490723,0.5094735622406006,0.3802485167980194,0.6197513937950134,0.3005560636520386,0.9987006783485413
134,0.5096889734268188,0.3815998136997223,0.6183998584747314,0.3029311001300812,0.9893413186073303,0.5094770193099976,0.38024863600730896,0.6197515726089478,0.30055755376815796,0.9986764192581177
135,0.5098184943199158,0.38160839676856995,0.6183926463127136,0.30293071269989014,0.9893848896026611,0.5095062255859375,0.38025015592575073,0.6197496652603149,0.3005579113960266,0.9986794590950012
136,0.5098297595977783,0.3816116452217102,0.618388831615448,0.3029271364212036,0.9894041419029236,0.5095270872116089,0.3802530765533447,0.6197465658187866,0.3005560636520386,0.998728334903717
137,0.5099636316299438,0.381617933511734,0.6183823347091675,0.302935391664505,0.9892802834510803,0.5095253586769104,0.38025322556495667,0.6197469830513,0.30055782198905945,0.9986966252326965
138,0.5099092721939087,0.3816215693950653,0.6183779835700989,0.30293816328048706,0.989284098148346,0.5095587968826294,0.38025620579719543,0.6197434663772583,0.3005552291870117,0.9987602233886719
139,0.5098831653594971,0.3816232681274414,0.6183764934539795,0.30293652415275574,0.9893213510513306,0.5095854997634888,0.380257785320282,0.6197423934936523,0.3005567491054535,0.9987486600875854
140,0.5098819732666016,0.381626695394516,0.6183732151985168,0.3029433786869049,0.9891467094421387,0.5096322894096375,0.3802594542503357,0.6197404265403748,0.3005581796169281,0.9987195134162903
141,0.5099512934684753,0.381630539894104,0.6183692216873169,0.30294328927993774,0.9892163872718811,0.5096486806869507,0.380261093378067,0.6197385787963867,0.30055755376815796,0.9987432360649109
142,0.5099868774414062,0.3816365897655487,0.6183639168739319,0.3029525876045227,0.9891901016235352,0.5096169114112854,0.38026008009910583,0.6197400689125061,0.30055880546569824,0.9987236261367798
143,0.5099217891693115,0.38163551688194275,0.6183637380599976,0.3029492497444153,0.9890754222869873,0.5096203088760376,0.38026055693626404,0.6197396516799927,0.3005593717098236,0.9987122416496277
144,0.5099160671234131,0.3816406726837158,0.6183590292930603,0.30294516682624817,0.9892411231994629,0.5096587538719177,0.380265474319458,0.6197345852851868,0.3005561828613281,0.9987866878509521
145,0.5100707411766052,0.3816457986831665,0.6183544397354126,0.3029574155807495,0.9890873432159424,0.5096845030784607,0.3802701234817505,0.6197301149368286,0.3005535304546356,0.9988574385643005
146,0.5100361704826355,0.38164666295051575,0.6183538436889648,0.3029572367668152,0.989084005355835,0.5097189545631409,0.3802696466445923,0.6197300553321838,0.30055564641952515,0.9988076090812683
147,0.5101240277290344,0.3816525638103485,0.6183478832244873,0.30296003818511963,0.9890209436416626,0.5097398161888123,0.3802693486213684,0.6197305917739868,0.3005581498146057,0.9987586140632629
148,0.5100471377372742,0.3816514313220978,0.6183480620384216,0.30297553539276123,0.9887988567352295,0.5097338557243347,0.3802696168422699,0.619730532169342,0.3005589544773102,0.9987465739250183
149,0.5100897550582886,0.3816560208797455,0.618344247341156,0.3029775619506836,0.98875492811203,0.5097510814666748,0.3802737891674042,0.6197261214256287,0.30055591464042664,0.9988086223602295
150,0.5100774765014648,0.38166138529777527,0.6183384656906128,0.302975594997406,0.9887655973434448,0.5097693800926208,0.380273699760437,0.6197263598442078,0.30055752396583557,0.998781681060791
151,0.5101096630096436,0.38166260719299316,0.6183372139930725,0.302974134683609,0.988806962966919,0.5097817778587341,0.38027673959732056,0.6197233200073242,0.3005560040473938,0.9988305568695068
152,0.5100663304328918,0.3816635012626648,0.6183360815048218,0.30298200249671936,0.988794207572937,0.5098180770874023,0.3802774250507355,0.6197225451469421,0.3005572259426117,0.9988059997558594
153,0.5101399421691895,0.3816658556461334,0.6183344125747681,0.3029845952987671,0.9886506199836731,0.5098187923431396,0.380279541015625,0.6197208762168884,0.3005563020706177,0.9988139867782593
154,0.5100699663162231,0.3816680610179901,0.6183313727378845,0.3029797077178955,0.9887413382530212,0.5098297595977783,0.38028183579444885,0.6197181940078735,0.3005554974079132,0.9988612532615662
155,0.5101748108863831,0.3816732168197632,0.6183270812034607,0.3029879331588745,0.9885671138763428,0.5098493695259094,0.38028255105018616,0.6197175979614258,0.3005567193031311,0.9988287091255188
156,0.5102229714393616,0.3816768527030945,0.6183234453201294,0.3029891848564148,0.9885730147361755,0.5098557472229004,0.3802845776081085,0.6197150349617004,0.30055558681488037,0.9988676905632019
157,0.5101412534713745,0.38167545199394226,0.618324875831604,0.3029910624027252,0.9884927272796631,0.5098645687103271,0.3802849352359772,0.6197150349617004,0.3005560338497162,0.9988577365875244
158,0.5102678537368774,0.3816799223423004,0.6183204650878906,0.3030020594596863,0.9884278178215027,0.5098685622215271,0.38028475642204285,0.6197155117988586,0.3005572259426117,0.9988246560096741
159,0.5101731419563293,0.3816775977611542,0.6183223724365234,0.3030015230178833,0.9883726835250854,0.5098940134048462,0.380288690328598,0.6197108626365662,0.3005545139312744,0.9988965392112732
160,0.5102410912513733,0.38168203830718994,0.6183179020881653,0.3030003309249878,0.9882729649543762,0.5098949074745178,0.38028907775878906,0.6197104454040527,0.30055537819862366,0.9988664984703064
161,0.510334312915802,0.38168779015541077,0.6183118224143982,0.3030041456222534,0.9883373975753784,0.5099180936813354,0.3802874982357025,0.6197123527526855,0.3005586862564087,0.9987932443618774
162,0.5103147029876709,0.38168638944625854,0.6183136105537415,0.30300357937812805,0.9881777763366699,0.5099054574966431,0.3802879750728607,0.6197118759155273,0.30055710673332214,0.9988242387771606
163,0.5103461742401123,0.3816908895969391,0.618309497833252,0.30300173163414,0.9882916808128357,0.5099209547042847,0.380291610956192,0.6197082996368408,0.3005552589893341,0.9988773465156555
164,0.5102304220199585,0.3816869854927063,0.6183130741119385,0.3030090630054474,0.9881715178489685,0.5099371075630188,0.3802925646305084,0.6197071075439453,0.3005562126636505,0.9988626837730408
165,0.5103003978729248,0.38169196248054504,0.6183076500892639,0.303021639585495,0.9880086779594421,0.5099565982818604,0.38029491901397705,0.6197051405906677,0.30055561661720276,0.998883068561554
166,0.510249674320221,0.38169217109680176,0.6183071732521057,0.30301621556282043,0.9880791306495667,0.5099828243255615,0.3802954852581024,0.6197043657302856,0.3005574941635132,0.998857319355011
167,0.51035076379776,0.381697416305542,0.6183032989501953,0.3030194640159607,0.9879778027534485,0.5099934935569763,0.3802986741065979,0.6197015643119812,0.30055540800094604,0.9988970160484314
168,0.5104036927223206,0.38169896602630615,0.6183009743690491,0.30302855372428894,0.9879218935966492,0.5099798440933228,0.380295991897583,0.6197038292884827,0.30055785179138184,0.9988390207290649
169,0.5102835297584534,0.38169798254966736,0.6183022856712341,0.30303680896759033,0.9877405166625977,0.5100151896476746,0.3802991807460785,0.6197009086608887,0.300556480884552,0.9988815188407898
